{
  "Hexapods": [
    {
      "HexapodId": 0,
      "Positions": {
        "Home": {
          "X": 4.64,
          "Y": 0.0,
          "Z": 0.0,
          "U": 0.0,
          "V": 0.0,
          "W": 0.0
        },
        "LensGrip": {
          "X": -6.09000179825,
          "Y": 2.92999721361,
          "Z": 1.19999948728,
          "U": -1.99999434378,
          "V": 5.417207629E-06,
          "W": -2.76126453144E-06
        },
        "ApproachLensGrip": {
          "X": -1.4,
          "Y": 3.27000275522,
          "Z": 1.15000237284,
          "U": -1.99999780671,
          "V": 4.92157997691E-06,
          "W": 5.14961124689E-06
        },
        "LensPlace": {
          "X": -5.51519997172,
          "Y": -4.63578319827,
          "Z": 1.60813985059,
          "U": -2.20006489923,
          "V": 0.800001084294,
          "W": -0.300306716562
        },
        "LensPlaceCalculated": {
          "X": -5.51519997172,
          "Y": -4.63578319827,
          "Z": 1.60813985059,
          "U": -2.20006489923,
          "V": 0.800001084294,
          "W": -0.300306716562
        },
        "ApproachLensPlace": {
          "X": -1.41299873329,
          "Y": -4.59004731417,
          "Z": 1.56901878423,
          "U": -2.19997286842,
          "V": 0.399997136552,
          "W": -0.00015341962194
        },
        "LeftSeeProbe": {
          "X": -2.00000094707,
          "Y": 1.08000122265,
          "Z": 1.83999951145,
          "U": -1.99999837317,
          "V": 0.899999403771,
          "W": 8.98700479458E-07
        },
        "AvoidDispenser": {
          "X": -4.50000119463,
          "Y": 5.700005849,
          "Z": -0.699999683565,
          "U": -1.99999966208,
          "V": 0.900004042445,
          "W": -1.66939396595E-06
        },
        "RejectLens": {
          "X": -5.45999766465,
          "Y": 6.47999633318,
          "Z": -0.459999556449,
          "U": -1.99999804229,
          "V": 0.9000005418,
          "W": 1.37995754503E-06
        },
        "ParkInside": {
          "X": 4.63999793546,
          "Y": -9.00000350943,
          "Z": -7.98607480694E-07,
          "U": -4.03627312681E-07,
          "V": -2.17236832962E-07,
          "W": -2.42460431633E-06
        }
      }
    },
    {
      "HexapodId": 1,
      "Positions": {
        "Home": {
          "X": 0.0,
          "Y": 0.0,
          "Z": 0.0,
          "U": 0.0,
          "V": 0.0,
          "W": 0.0
        }
      }
    },
    {
      "HexapodId": 2,
      "Positions": {
        "Home": {
          "X": 4.64000065912,
          "Y": 3.47536842903E-07,
          "Z": -1.20000006747,
          "U": 3.42387907228E-06,
          "V": 1.87408049548E-08,
          "W": -3.11023641614E-06
        },
        "LensGrip": {
          "X": -5.19001147411,
          "Y": -1.63999029193,
          "Z": -0.155001270824,
          "U": 8.94190815714E-06,
          "V": -1.22826074245E-05,
          "W": 2.19389306173E-05
        },
        "ApproachLensGrip": {
          "X": -1.11001901052,
          "Y": -1.79999887072,
          "Z": -0.0250005803461,
          "U": 0.300004319638,
          "V": -1.43481249503E-05,
          "W": 2.67287303635E-05
        },
        "LensPlace": {
          "X": -4.7,
          "Y": 6.11422733122,
          "Z": -0.420000661858,
          "U": 0.300003252167,
          "V": -1.50000872761,
          "W": 3.80317099267E-06
        },
        "LensPlaceCalculated": {
          "X": -4.7,
          "Y": 6.11422733122,
          "Z": -0.420000661858,
          "U": 0.300003252167,
          "V": -1.50000872761,
          "W": 3.80317099267E-06
        },
        "ApproachLensPlace": {
          "X": -1.090007851,
          "Y": 6.01500423215,
          "Z": -0.0450013021611,
          "U": -1.27952438168E-06,
          "V": -1.13987109498E-06,
          "W": -3.45932339974E-07
        },
        "AvoidDispenser": {
          "X": -3.35999870236,
          "Y": -7.99999651232,
          "Z": -2.4999991095,
          "U": -6.60416716403E-07,
          "V": -3.5735926783E-07,
          "W": -2.09200482025E-06
        },
        "RightSeeProbe": {
          "X": -2.00000161212,
          "Y": -3.51999147541,
          "Z": -1.17999778177,
          "U": -2.38595879942E-06,
          "V": -2.18467069621E-06,
          "W": 3.69770393755E-06
        },
        "RejectLens": {
          "X": -4.58001447786,
          "Y": -4.65998877318,
          "Z": -3.20000026492,
          "U": -2.84481264391E-06,
          "V": -6.85825729962E-06,
          "W": 6.12304605711E-06
        },
        "ParkInside": {
          "X": 4.63999624681,
          "Y": 8.99999991038,
          "Z": -4.84141603403E-07,
          "U": -2.46927880634E-06,
          "V": -5.38954141954E-07,
          "W": -2.08072039627E-06
        }
      }
    }
  ],
  "Gantries": [
    {
      "GantryId": 3,
      "Positions": {
        "Home": {
          "X": 3.0,
          "Y": 3.0,
          "Z": 12.0,
          "U": 0.0,
          "V": 0.0,
          "W": 0.0
        },
        "UV": {
          "X": 142.31500000000096,
          "Y": 75.8760000000001,
          "Z": 47.6747647809102,
          "U": 0.0,
          "V": 0.0,
          "W": 0.0
        },
        "Dispense1": {
          "X": 71.845312500000034,
          "Y": 93.015624999999929,
          "Z": 41.544764780910192,
          "U": 0.0,
          "V": 0.0,
          "W": 0.0
        },
        "Dispense1Safe": {
          "X": 71.2,
          "Y": 93.7,
          "Z": 30.7447647809103,
          "U": 0.0,
          "V": 0.0,
          "W": 0.0
        },
        "Dispense2": {
          "X": 76.97421875,
          "Y": 92.86328125,
          "Z": 42.294764780910292,
          "U": 0.0,
          "V": 0.0,
          "W": 0.0
        },
        "Dispense2Safe": {
          "X": 76.4,
          "Y": 92.6,
          "Z": 30.8447647809103,
          "U": 0.0,
          "V": 0.0,
          "W": 0.0
        },
        "PreDispense": {
          "X": 71.1,
          "Y": 93.7,
          "Z": 25.0,
          "U": 0.0,
          "V": 0.0,
          "W": 0.0
        },
        "MidFront": {
          "X": 138.8,
          "Y": 75.7,
          "Z": 8.2447644116136,
          "U": 0.0,
          "V": 0.0,
          "W": 0.0
        },
        "MidCenter": {
          "X": 143.2,
          "Y": 75.7,
          "Z": 8.2447644116136,
          "U": 0.0,
          "V": 0.0,
          "W": 0.0
        },
        "MidBack": {
          "X": 109.99,
          "Y": 3.0,
          "Z": 8.0,
          "U": 0.0,
          "V": 0.0,
          "W": 0.0
        },
        "SeeSLED": {
          "X": 170.1984375,
          "Y": 77.57578125,
          "Z": 11.8447647809103,
          "U": 0.0,
          "V": 0.0,
          "W": 0.0
        },
        "SeePIC": {
          "X": 178.14375,
          "Y": 79.07109375,
          "Z": 11.8447647809103,
          "U": 0.0,
          "V": 0.0,
          "W": 0.0
        },
        "SeeGripCollLens": {
          "X": 171.49609375,
          "Y": 86.45625,
          "Z": 11.8447647809103,
          "U": 0.0,
          "V": 0.0,
          "W": 0.0
        },
        "SeeGripFocusLens": {
          "X": 176.50703125,
          "Y": 86.67890625,
          "Z": 11.8447647809103,
          "U": 0.0,
          "V": 0.0,
          "W": 0.0
        },
        "SeeFocusLens": {
          "X": 176.94062499999998,
          "Y": 78.58359375,
          "Z": 11.444764780910294,
          "U": 0.0,
          "V": 0.0,
          "W": 0.0
        },
        "SeeCollimateLens": {
          "X": 171.60390625,
          "Y": 78.7101562499999,
          "Z": 11.5447647809103,
          "U": 0.0,
          "V": 0.0,
          "W": 0.0
        },
        "Fiducial1": {
          "X": 176.921875,
          "Y": 81.70546875,
          "Z": 12.5447647809103,
          "U": 0.0,
          "V": 0.0,
          "W": 0.0
        },
        "Fiducial2": {
          "X": 172.9140625,
          "Y": 81.74296875,